kg_id;kg_name;Availability_Sparql-endpoint;Extra_SPARQL_endpoint_URL;Availability_Availability-of-RDF-dump-(metadata);Availability_Availability-of-RDF-dump-(query);Extra_URL-for-download-the-dataset;Availability_Inactive-links;Currency_Age-of-data;Currency_Modification-date;Currency_Percentage-of-data-updated;Currency_Time-elapsed-since-last-modification;Currency_Historical-updates;Versatility_Languages-(query);Versatility_Languages-(metadata);Versatility_Serialization-formats;Versatility_Availability-for-download-(query);Versatility_Availability-for-download-(metadata);Security_Use-HTTPS;Security_Requires-authentication;Representational-Conciseness_Average-length-of-URIs-(subject);Representational-Conciseness_Standard-deviation-lenght-URIs-(subject);Representational-Conciseness_Min-length-URIs-(subject);Representational-Conciseness_25th-percentile-length-URIs-(subject);Representational-Conciseness_Median-length-URIs-(subject);Representational-Conciseness_75th-percentile-length-URIs-(subject);Representational-Conciseness_Max-length-URIs-(subject);Representational-Conciseness_Average-length-of-URIs-(predicate);Representational-Conciseness_Standard-deviation-lenght-URIs-(predicate);Representational-Conciseness_Min-length-URIs-(predicate);Representational-Conciseness_25th-percentile-length-URIs-(predicate);Representational-Conciseness_Median-length-URIs-(predicate);Representational-Conciseness_75th-percentile-length-URIs-(predicate);Representational-Conciseness_Max-length-URIs-(predicate);Representational-Conciseness_Average-length-of-URIs-(object);Representational-Conciseness_Standard-deviation-lenght-URIs-(object);Representational-Conciseness_Min-length-URIs-(object);Representational-Conciseness_25th-percentile-length-URIs-(object);Median-length-URIs-(object);Representational-Conciseness_75th-percentile-length-URIs-(object);Representational-Conciseness_Max-length-URIs-(object);Representational-Conciseness_Use-RDF-structures;License_License-machine-redeable-(metadata);License-machine-redeable-(query);License_License-human-redeable;Performance_Minimum-latency;Performance_25th-percentile-latency;Performance_Median-latency;Performance_75th-percentile-latency;Performance_Maximum-latency;Performance_Average-latency;Performance_Standard-deviation-of-latency;Performance_Minimum-throughput;Performance_25th-percentile-throughput;Performance_Median-throughput;Performance_75th-percentile-throughput;Performance_Maximum-throughput;Performance_Average-throughput;Performance_Standard-deviation-of-throughput;Amount-of-data_Number-of-triples-(metadata);Amount-of-data_Number-of-triples-(query);Amount-of-data_Number-of-entities;Amount-of-data_Number-of-entities-counted-with-regex;Amount-of-data_Number-of-property;Volatility_Dataset-update-frequency;Interlinking_Degree-of-connection;Interlinking_Clustering-coefficient;Interlinking_Centrality;Interlinking_Number-of-samAs-chains;Interlinking_External-links;Reputation_PageRank;Believability_Description;Believability_Dataset-URL;Believability_Is-on-a-trusted-provider-list;Believability_Trust-value;Verifiability_Vocabularies;Verifiability_Author-(query);Verifiability_Author-(metadata);Verifiability_Contributor;Verifiability_Publisher;Verifiability_Sources;Verifiability_Signed;Completeness_Number-of-triples;Completeness_Number-of-triples-linked;Completeness_Interlinking-completeness;Interoperability_New-vocabularies-defined-in-the-dataset;Interoperability_New-terms-defined-in-the-dataset;Understandability_Number-of-labels/comments-present-on-the-data;Understandability_Percentage-of-triples-with-labels;Understandability_Regex-uri;Understandability_Presence-of-example;Interpretability_Number-of-blank-nodes;Interpretability_Uses-RDF-structures;Consistency_Deprecated-classes/properties-used;Consistency_Entities-as-member-of-disjoint-class;Consistency_Triples-with-misplaced-property-problem;Consistency_Triples-with-misplaced-class-problem;Consistency_Ontology-Hijacking-problem;Consistency_Undefined-class-used-without-declaration;Consistency_Undefined-properties-used-without-declaration;Conciseness_Extensional-conciseness;Conciseness_Intensional-conciseness;Accuracy_Triples-with-empty-annotation-problem;Accuracy_Triples-with-white-space-in-annotation(at-the-beginning-or-at-the-end);Accuracy_Triples-with-malformed-data-yype-literals-problem;Accuracy_Functional-properties-with-inconsistent-values;Accuracy_Invalid-usage-of-inverse-functional-properties;Extra_Number-of-triples-updated;Score;Normalized-score;Extra_Limited;Extra_Offline-dumps;Extra_Url-file-VoID;Extra_Availability-VoID-file;Extra_MinTPNoOff;Extra_MeanTPNoOff;Extra_MaxTPNoOff;Extra_sdTPNoOff;Extra_URIs-Deferenceability;Availability-score;Licensing-score;Interlinking-score;Performance-score;Accuracy-score;Consistency-score;Conciseness-score;Verifiability-score;Reputation-score;Believability-score;Currency-score;Volatility-score;Completeness-score;Amount-of-data-score;Representational-Consistency-score;Representational-Conciseness-score;Understandability-score;Interpretability-score;Versatility-score;Security-score;Interlinking_SKOS-mapping-properties;Extra_U1-value;Extra_CS2-value;Extra_IN3-value;Extra_RC1-value;Extra_RC2-value;Extra_IN4-value;Extra_metadata-media-type;Extra_Availability-of-a-common-accepted-Media-Type;Extra_U5-value;Extra_PE2-value;Extra_PE3-value
apertium-rdf-ca-it;Apertium RDF CA-IT;Available;http://linguistic.linkeddata.es/sparql/;1;False;0;True;4447;2012-09-21;0.004885372837402039%;4447;1;['en', 'es', 'de', 'fr', 'it', 'la', 'ca', 'sv', 'se', 'gl', 'pt', 'ro', 'oc', 'eu', 'ast', 'an', 'eo'];{};[];False;1;True;False;86,98057398057398 (out of 1000000 triples considered);37,07024136464372;15;66,0;73,0;122,0;360;49,796460176991154 (out of 231 triples considered);9,089680321915003;30;43,0;50,0;56,0;75;60,36624059504184 (out of 999996 triples considered);27,844017450000155;10;34,0;60,0;73,0;261;True;False;http://purl.oclc.org/NET/rdflicense/gpl-3.0;False;0,224;0,244;0,250;0,252;0,458;0,286;0,087;4;4,25;5,0;5,0;5;4,7;0,45825756949558405;180851;10664488;;-;32;0;2;1,000;0,001;22;['Name:babelnet, value:14212', 'Name:lexinfo, value:14592'];7,795131943281032e-05;RDF version of the Apertium bilingual dictionary CA-IT. The original dataset (in LMF) comes from http://hdl.handle.net/10230/17105. The RDF version of the lexica is modelled using lemon (http://lemon-model.net/) and the translation module (http://purl.org/net/translation). More about the Apertium RDF dictionaries at http://linguistic.linkeddata.es/apertium/;absent;False;0,5;0;132;False;0;2;"Web:absent Name:Antonio Toral ; Mireia Ginestí Rosell ; Francis M. Tyers ; Universitat Pompeu Fabra. Institut Universitari de Lingüística Aplicada (IULA) Email:";False;10664488;28804;0.00;0;34;3035;0.03%;0;False;158126;True;1.0;-;1.0;1.0;True;1.0;0.9999848093973194;0.98758 (out of 1000000 triples considered);1.0 (out of 30 triples considered);1.0;0.984843492586491;1.0;1.0;1.0;521;0.473;47.329;True;0;;VoID file absent;4;4,7;5;0,45825756949558405;0.0;0.5;0.0;4.1258427033721635e-07;0.51;0.9969686985172981;0.4;0.99379;0.44333333333333336;7.795131943281032e-06;0.5;0.5;0.0;0.0;0.6666666666666666;0.7017543859649122;0.5914983382949058;7.114734434508248e-05;0.9950829174095599;0.6666666666666666;1.0;0;0.0002845893773803299;1.0;0;0.18299705166642102;0.9999996249233906;0.9901662098957293;['BIN', '', '', '', '', 'RDF'];True;0;0.02;1.0
aragodbpedia;AragoDBPedia;Available;http://opendata.aragon.es/sparql;1;False;0;False;2013-01-01;-;0.005214828429721415%;-;-;HTTP Error 502: Bad Gateway;{'language': 'es'};['None', 'CSV', 'HTML', 'JSON', 'XML', '[]', 'application/json', 'text/csv', 'application/xml', 'application/zip', 'text/html', 'application/vnd.ms-excel', 'text/calendar'];False;1;True;False;76,087 (out of 10000 triples considered);9,145962551858606;22;73,0;76,0;80,0;127;67,83967789165446 (out of 1366 triples considered);22,707508859577988;21;52,0;64,0;86,0;134;54,71832884097035 (out of 9998 triples considered);17,49478669854859;10;39,0;54,0;68,0;101;True;http://www.opendefinition.org/licenses/cc-by;https://creativecommons.org/licenses/by-nc/4.0/;False;0,286;0,305;0,333;0,353;0,368;0,329;0,030;3;3,0;3,0;4,0;4;3,4;0,48989794855663565;0;72217141;;-;1789;0;2;0;0,001;4250;['Name:dbpedia-es, value:768', 'Name:ei2a, value:768'];0,00011975820136471725;This dataset contains data obtained through an automatic extraction process from Aragopedia (http://opendata.aragon.es/aragopedia/), and contains information about all the municipalities, boroughs, and provinces of the region of Aragón, in Spain. ;https://opendata.aragon.es;True;1,0;0;1669;Name: absent, email: johannesfreys@googlemail.com;0;112;Web:https://opendata.aragon.es Name:Aragón Open Data Email:opendata@aragon.es;False;72217141;1536;0.00;0;147;1300526;1.80%;0;True;7350384;True;1.0;-;0.9999999861528719;1.0;True;1.0;0.9999840619555959;0.9264 (out of 10000 triples considered);0.9929506545820745 (out of 993 triples considered);1.0;0.9921;1.0;1.0;1.0;3766;0.553;55.347;True;0;https://opendata.aragon.es/.well-known/void;VoID file offline;3;3,4;4;0,48989794855663565;0.9984;0.9996;0.5;5.888629681421479e-05;0.5075;0.99842;0.3999999972305744;0.9596753272910372;0.49833333333333335;1.1975820136471725e-05;1.0;0.5;0.0;0.0;0.6666666666666666;0.6689189189189189;0.5001143579471634;0.2545021375188475;0.9488952456765959;0.6666666666666666;1.0;17013;0.018008550075389998;0.9999999861528719;0;0.00025159134989218213;0.9999771245444347;0.8978133668087571;"['api/sparql', 'meta/rdf-schema', 'text/turtle; charset=UTF-8', 'application/rdf+xml; charset=UTF-8', '']";False;0;0.015;1.0
bio2rdf-affymetrix;Bio2RDF::Affymetrix;Available;http://affymetrix.bio2rdf.org/sparql;1;True;10;True;20053;2016-03-17;1.452407975831879e-07%;3175;4;HTTP Error 504: Gateway Time-out;{};[];True;1;False;False;42,444012 (out of 250000 triples considered);17,068717390122078;22;34,0;34,0;35,0;163;-;-;-;-;-;-;-;44,86861235834937 (out of 249999 triples considered);6,273278433114632;10;44,0;44,0;44,0;101;True;http://www.opendefinition.org/licenses/cc-by;http://creativecommons.org/licenses/by/3.0/;-;0,096;0,098;0,103;0,121;0,139;0,111;0,016;8;10,0;10,0;10,0;11;9,9;0,7;86942371;1377023559;1965450;-;1530;1;29;0,043;0,011;162973;['Name:bio2rdf-gb, value:34181', 'Name:bio2rdf-ec, value:1860', 'Name:bio2rdf-go, value:22806', 'Name:bio2rdf-sgd, value:6122', 'Name:bio2rdf-mgi, value:18818', 'Name:bio2rdf-mirbase, value:235', 'Name:bio2rdf-ensembl, value:889620', 'Name:bio2rdf-ncbigene, value:400798', 'Name:bio2rdf-affymetrix, value:1398264', 'Name:bio2rdf-omim, value:17078', 'Name:bio2rdf-tair, value:22216', 'Name:bio2rdf-wormbase, value:14768', 'Name:bio2rdf-genbank, value:1202769', 'Name:bio2rdf-flybase, value:40886', 'Name:bio2rdf-gi, value:10107', 'Name:bio2rdf-unigene, value:587164', 'Name:bio2rdf-rgap, value:45570', 'Name:bio2rdf-tigr, value:42311', 'Name:bio2rdf-pmrna, value:3238', 'Name:bio2rdf-lncrna, value:107', 'Name:bio2rdf-pseudocap, value:5529', 'Name:bio2rdf-rapdb, value:12037', 'Name:bio2rdf-rgd, value:1', 'Name:bio2rdf-uniprot, value:650640', 'Name:bio2rdf-interpro, value:5999', 'Name:bio2rdf-refseq, value:910251', 'Name:bio2rdf-pseudomonas, value:72'];0,002390875823910293;This dataset contains the probesets used in the Affymetrix microarrays.;http://affymetrix.bio2rdf.org/;False;0,75;31;33;Name: absent, email: ayaouaarouss2019@gmail.com;0;769;Web:http://affymetrix.bio2rdf.org/ Name:Bio2RDF Email:bio2rdf@googlegroups.com;False;1377023559;6343447;0.00;13;617;149303353;10.84%;297;False;29352;True;0.99178;0.0;1.0;1.0;True;1.0;1.0;0.987632 (out of 250000 triples considered);0.9883116883116884 (out of 770 triples considered);1.0;1.0;1.0;1.0;1.0;2;0.541;54.061;True;2;http://affymetrix.bio2rdf.org//.well-known/void;VoID file offline;10;9,9;11;0,7;0.0;0.5;0.5;0.0002344598956857789;1.0;1.0;0.598356;0.9879718441558442;0.665;0.0002390875823910293;0.75;0.5;1.0;0.0;0.6666666666666666;0.033282904689863835;0.49997981733876784;0.2771061725894553;0.9999674932488918;0.3333333333333333;0.5;1451311;0.10842469035782125;1.0;1.0;0.0;0.9999596346775357;0.9999753518202479;"['application/rdf+xml; charset=UTF-8', 'HTML', 'meta/void', 'meta/rdf-schema', 'meta/sitemap', 'application/x-nquads']";True;0;1.0;1.0
bncf-ns;Thesaurus BNCF;Available;http://digitale.bncf.firenze.sbn.it/openrdf-workbench/repositories/NS/query;1;False;14;False;2010-11-30;False;0.0%;-;0;['it'];absent;[];False;1;True;False;29,76612453797203 (out of 839776 triples considered);0,506976015164367;26;30,0;30,0;30,0;33;41,68421052631579 (out of 38 triples considered);5,042478834639163;31;38,0;43,0;45,0;49;34,7750793168505 (out of 324408 triples considered);7,10274227727949;26;30,0;30,0;38,0;105;False;http://www.opendefinition.org/licenses/cc-by;https://creativecommons.org/licenses/by/4.0/deed.it;False;0,117;0,137;0,142;0,142;0,174;0,142;0,018;6;7,0;8,0;8,0;8;7,4;0,8;839776;839776;False;-;0;0;8;0,500;0,003;0;['Name:getty-aat, value:232', 'Name:lcsh, value:17159', 'Name:dnb-gemeinsame-normdatei, value:9670', 'Name:datos-bne-es, value:6368', 'Name:data-bnf-fr, value:15535', 'Name:agrovoc, value:3140', 'Name:wikidata, value:13238', 'Name:eurovoc, value:176'];9,161548684500184e-05;"Nuovo soggettario (NS), edited by the National Central Library of Florence, is the Italian subject indexing tool for various types of resources. It has been developed in compliance with the IFLA recommendations, and other international standards in the field of subject indexing. This tool has been created for general and specialized Italian libraries, and for museums, multimedia libraries, archives and documentation centres. The main component of the NS is a general thesaurus available on the web since 2007 (http://thes.bncf.firenze.sbn.it/ricerca.php). The thesaurus comprises nowadays approximately 73.800  terms and it is updated on a regular basis.
All metadata can be used, in accordance with Creative Commons Attribution 4.0 licence.";http://thes.bncf.firenze.sbn.it/;-;0,75;0;1;Name: absent, email: maria.pepe@cultura.gov.it;0;0;Web:http://thes.bncf.firenze.sbn.it/ Name:BNCF - settore Ricerche e strumenti di indicizzazione semantica Email:bnc-fi.nuovosoggettario@cultura.gov.it;False;839776;65518;0.08;0;0;141421;16.84%;;False;0;False;-;-;1.0;1.0;True;1.0;0.9999976184125291;0.9876836203940098 (out of 839776 triples considered);-;1.0;1.0;1.0;1.0;1.0;False;0.537;53.736;False;0;http://thes.bncf.firenze.sbn.it//.well-known/void;VoID file available;5;7,4;8;0,8;1.0;1.0;0.5;0.016170264451472773;1.0;1.0;0.2;0.4938418101970049;0.33166666666666667;9.161548684500184e-06;0.75;0.5;0.0;0.08;0.6666666666666666;1.0;0.5;0.04210081021605762;1.0;0.6666666666666666;1.0;67897;0.16840324086423047;1.0;0;0;1.0;1.0;"['application/rdf+xml; charset=UTF-8', 'application/zip', 'application/zip', 'application/zip', 'application/zip', 'application/zip', 'application/zip', 'application/zip', 'application/zip', 'application/zip', 'application/zip', 'application/zip', 'application/zip', 'application/zip', 'application/zip']";False;0;1.0;1.0
BVMC;Biblioteca Virtual Miguel de Cervantes;Available;http://data.cervantesvirtual.com/sparql;1;False;0;False;6889;2021-11-04;0.004058069568731092%;1117;272;['es', 'ca', 'en', 'zh', 'fil', 'ceb', 'ga', 'br', 'pt', 'ia', 'ilo', 'io', 'la', 'cs', 'pl', 'bs', 'hbs', 'hr', 'sk', 'de', 'da', 'nn', 'no', 'sv', 'tr', 'eu', 'id', 'ms', 'vi', 'lt', 'et', 'fi', 'it', 'ro', 'nl', 'fy', 'nah', 'mg', 'fr', 'eo', 'ht', 'is', 'vo', 'tl', 'pam', 'el', 'be', 'os', 'tg', 'mk', 'bg', 'ru', 'sr', 'sah', 'uk', 'he', 'ug', 'ar', 'fa', 'ckb', 'mr', 'hi', 'bn', 'ta', 'kn', 'si', 'th', 'bo', 'my', 'ka', 'am', 'ja', 'ko', 'aa', 'om', 'gl', 'nrm', 'qu', 'za', 'ang', 'cy', 'mi', 'tk', 'fo', 'sq', 'olo', 'sl', 'hu', 'tpi', 'oc', 'ast', 'so', 'kg', 'af', 'nds', 'lb', 'jbo', 'ku', 'mt', 'lv', 'cv', 'uz', 'mn', 'kk', 'hy', 'yi', 'ps', 'gu', 'te', 'lo', 'dz', 'chr', 'km', 'wuu', 'scn', 'li', 'an', 'pms', 'sco', 'arc', 'gd', 'nv', 'ch', 'na', 'lij', 'lmo', 'vec', 'fur', 'war', 'bcl', 'pap', 'gn', 'zu', 'xh', 'ss', 'sm', 'haw', 'nb', 'ti', 'cho', 'chy', 'kj', 'lbe', 'mh', 'mus', 'ng', 'ts', 've', 'st', 'nso', 'bjn', 'min', 'sw', 'hsb', 'tet', 'dsb', 'ltg', 'vep', 'diq', 'kab', 'sgs', 'se', 'csb', 'ext', 'szl', 'jv', 'su', 'ace', 'nan', 'frp', 'hak', 'kw', 'ay', 'cdo', 'wo', 'ty', 'rw', 'tw', 'az', 'gv', 'ln', 'ky', 'ab', 'xal', 'koi', 'kbd', 'bxr', 'ce', 'mrj', 'mhr', 'udm', 'ba', 'krc', 'kv', 'lez', 'tt', 'myv', 'mdf', 'rue', 'arz', 'ur', 'sd', 'lrc', 'mzn', 'pnb', 'azb', 'dv', 'gom', 'sa', 'bh', 'new', 'pi', 'bpy', 'pa', 'or', 'ml', 'xmf', 'iu', 'bug', 'gan', 'lzh', 'yue', 'cu', 'sc', 'bar', 'rm', 'co', 'ks', 'ne', 'wa', 'ie', 'lad', 'kaa', 'pih', 'to', 'vls', 'grc', 'nap', 'als', 'ha', 'nov', 'kl', 'pdc', 'lg', 'rmy', 'fj', 'pcd', 'zea', 'mwl', 'yo', 'pnt', 'mai', 'pfl', 'frr', 'ee', 'got', 'ksh', 'stq', 'srn', 'frk', 'cel', 'goh', 'tum', 'drt', 'osx', 'syr', 'ig', 'rgn', 'crh', 'sli', 'bi', 'ff', 'bm', 'as', 'gre', 'gag', 'ik', 'tyv', 'krl', 'non', 'ki', 'sn', 'nd', 'ak', 'lu', 'sg', 'rn', 'ii'];absent;[];False;1;True;False;47,532 (out of 10000 triples considered);5,5164278296738365;28;45,0;46,0;46,0;101;50,55205047318612 (out of 317 triples considered);10,188815412890607;23;44,0;49,0;57,0;87;66,33522727272727 (out of 9999 triples considered);15,734520096768755;10;59,0;67,0;76,25;101;True;http://www.opendefinition.org/licenses/cc-zero;Licensed under a Creative Commons Attribution-NonCommercial-ShareAlike 4.0 International Licence - see http://creativecommons.org/licenses/by-nc-sa/4.0/ - Original copyright Biblioteca Virtual Miguel de Cervantes;False;0,341;0,381;0,381;0,430;0,478;0,402;0,047;3;3,0;3,0;3,0;3;3,0;0,0;13000000;18481694;;-;32;0;1;0;0,000;22325;[];7,672100637070287e-05;"The catalogue of the Biblioteca Virtual Miguel de Cervantes contains about 200,000 records which were originally created in compliance with the MARC21 standard.

The database content has been later mapped to RDF triples which employ mainly the RDA vocabulary (Resource Description and Access) to describe the entities, as well as their properties and relationships.";http://data.cervantesvirtual.com;-;0,75;0;1;Name: absent, email: gustavo.candelar@gmail.com;0;144;Web:http://data.cervantesvirtual.com Name:FBVMC development team Email:desarrollo@cervantesvirtual.com;False;18481694;0;0.00;0;23;1150427;6.22%;0;False;1158;True;1.0;-;1.0;1.0;True;1.0;0.9999903688482236;0.9864 (out of 10000 triples considered);1.0 (out of 30 triples considered);1.0;0.9946957566052842;1.0;1.0;1.0;750;0.538;53.843;True;0;http://data.cervantesvirtual.com/.well-known/void;VoID file absent;3;3,0;3;0,0;0.986;0.9964999999999999;0.5;0.00024172026655132372;0.5075;0.9989391513210568;0.4;0.9932000000000001;0.49833333333333335;7.672100637070287e-06;0.75;0.5;0.0;0.0;0.6666666666666666;0.7745098039215687;0.5005479918083053;0.015561709332488677;0.9999715165614722;0.6666666666666666;1.0;12;0.06224683732995471;1.0;0;0.0011052901228216982;0.999990693493789;0.9999523396291555;"['text/html;charset=UTF-8']";False;0.0;0.015;1.0
Catch_Record;Norway catch records dataset @PSNC;Available;https://www.foodie-cloud.org/sparql;-1;False;0;False;739214;2024-06-03;3.8974636918284564e-08%;175;-;HTTP Error 502: Proxy Error;absent;['http://publications.europa.eu/resource/authority/file-type/BIN', 'http://publications.europa.eu/resource/authority/file-type/CSV', 'http://publications.europa.eu/resource/authority/file-type/JSON', 'http://publications.europa.eu/resource/authority/file-type/TIFF', 'http://publications.europa.eu/resource/authority/file-type/ZIP'];False;-1;False;False;34,776864 (out of 1000000 triples considered);2,376589221027478;15;34,0;35,0;35,0;180;47,26727861771058 (out of 1863 triples considered);13,18412343451877;18;36,0;46,0;55,0;104;38,5162037037037 (out of 999995 triples considered);20,81930378950008;10;15,0;37,0;49,0;112;True;http://www.opendefinition.org/licenses/cc-zero;http://publications.europa.eu/resource/authority/licence/APACHE_2_0;-;0,196;0,197;0,219;0,249;0,272;0,227;0,030;5;5,0;5,0;5,75;6;5,3;0,45825756949558405;192867166;2565771176;;-;6069;9;2;0;0,001;30781;['Name:Water Areas Classification, value:4858158', 'Name:FAO species, value:4858160'];0,0007332422173254972;Catch records data from Norway (2014-2019), transformed and published as Linked Data. The source data is in CSV format which has been processed, transformed and published as Linked Data, enabling their integration with other datasets in the LOD datasets. The catch record data involves the catch amount in tonnes for each year, along with the species caught and vessel and fishermen data. fishing regions and catch area data is also included in the respective years in the dataset. The dataset is already linked with some of these datasets, including FAO species, FAO fishing areas, and the ISO-3166 standard codes. The source CSV files can be found in https://www.fiskeridir.no/Tall-og-analyse/AApne-data/AApne-datasett/Fangstdata-koblet-med-fartoeydata.;https://www.foodie-cloud.org/fct/;-;0,75;0;140;Name: absent, email: soumya.put.poznan@gmail.com;23;99;Web:https://www.foodie-cloud.org/fct/ Name:Raul Palma, Soumya Brahma Email:rpalma@man.poznan.pl;False;2565771176;9716318;0.00;0;2122;144990249;5.65%;0;False;8876468;True;0.9914617486338798;-;0.9999999996102537;1.0;True;1.0;0.9999994906014955;0.983958 (out of 1000000 triples considered);0.9875589875589875 (out of 2331 triples considered);1.0;0.9998134231349195;1.0;1.0;1.0;1;0.551;55.128;True;0;https://www.foodie-cloud.org/fct//.well-known/void;VoID file absent;4;5,3;6;0,45825756949558405;0.2;0.55;0.5;0.002420556773765861;1.0;0.9999626846269839;0.5090163933646737;0.9857584937794938;0.665;7.332422173254971e-05;0.75;0.5;1.0;0.0;0.6666666666666666;0.5538267451640033;0.4987712997988321;0.01412735577866668;0.9966927552651748;0.3333333333333333;0.5;31022193;0.05650942311466672;0.9999999996102537;0.5536202185792349;0.0008855130578472745;0.996657086539817;0.9967284239905326;[];No dump available;0.0;1.0;1.0
ceo;Linked Data Cultural Heritage Agency of the Netherlands;Available;https://api.linkeddata.cultureelerfgoed.nl/datasets/rce/cho/services/cho/sparql;-1;False;0;False;2979;2022-04-28;6.738740869637879e-06%;942;28;HTTP Error 504: Gateway Timeout.;absent;[];False;-1;False;False;68,2163 (out of 10000 triples considered);14,972251477650246;40;53,0;69,0;81,0;150;54,09166666666667 (out of 361 triples considered);13,022200594881548;22;45,0;56,0;63,25;92;53,84782608695652 (out of 10000 triples considered);10,315952311139107;23;48,0;55,0;60,0;76;True;http://www.opendefinition.org/licenses/cc-zero;https://creativecommons.org/publicdomain/zero/1.0/;False;0,156;0,176;0,197;0,198;0,225;0,191;0,023;5;6,0;6,0;6,0;7;5,9;0,5385164807134504;65048765;59358270;;-;-;0;1;0;0,000;2;['Name:cht, value:1'];7,521095830007653e-05;"Linked data about cultural-historical objects. This includes built and archaeological national monuments, finds, find locations, complexes, archaeological complexes, research areas and sites.
This dataset offers linked open data from the Archaeological Information System (Archis) and the National Monument Register. Both databases are maintained by the RCE.
Archis contains data on archaeological sites and sites in the Netherlands. The National Monuments Register contains information about all monuments in the Netherlands that have been designated by the State as protected monuments. These are historical buildings, archaeological sites or green, landscaped buildings.";https://linkeddata.cultureelerfgoed.nl/;-;0,75;0;182;Name: absent, email: jolietjakeblues64@gmail.com;3;1;Web:https://linkeddata.cultureelerfgoed.nl/ Name:Joop Vanderheiden Email:j.vanderheiden@cultureelerfgoed.nl;False;59358270;1;0.00;0;83;110059;0.19%;0;False;0;True;1.0;-;1.0;Unable to retrieve properties from the endpoint;True;1.0;0.9999958893680695;0.6848000000000001 (out of 10000 triples considered);0.9819819819819819 (out of 111 triples considered);1.0;0.99;1.0;1.0;1.0;4;0.322;32.159;True;0;https://linkeddata.cultureelerfgoed.nl//.well-known/void;VoID file absent;4;5,9;6;0,5385164807134504;0.003;0.50075;0.5;2.617663890810834e-05;0.0;0.998;0.2;0.833390990990991;0.665;7.521095830007653e-06;0.75;0.5;0.0;0.0;0.3333333333333333;0.6512605042016807;0.0;0.0;0.0;0.0;0.5;7767;0;0;0;0;0;0;[];No dump available;0;0.0;0.0
chembl-rdf;ChEMBL RDF;offline;https://www.ebi.ac.uk/rdf/services/chembl/sparql;1;-;0;True;-;-;-;-;-;-;{};-;-;1;-;-;-;-;-;-;-;-;-;-;-;-;-;-;-;-;-;-;-;-;-;-;-;-;http://www.opendefinition.org/licenses/cc-by-sa;-;-;-;-;-;-;-;-;-;-;-;-;-;-;-;-;425304329;-;-;-;-;-;3;0,333;0,001;-;['Name:identifiers.org, value:93186', 'Name:uniprotkb, value:6795'];0,00010905584275900247;"ChEMBL is a database of bioactive drug-like small molecules, it contains 2-D structures, calculated properties (e.g. logP, Molecular Weight, Lipinski Parameters, etc.) and abstracted bioactivities (e.g. binding constants, pharmacology and ADMET data). The data is abstracted and curated from the primary scientific literature, and cover a significant fraction of the SAR and discovery of modern drugs.

It is available in RDF form through EMBL-EBI's RDF Platform.";absent;False;0,5;-;-;False;-;-;Web:absent Name:EMBL-EBI Chemogenomics Team Email:;-;425304329;99981;0.00;-;-;-;-;-;False;-;-;-;-;-;-;-;-;-;-;-;-;-;-;-;-;-;0.085;8.467;-;1;http://rdf.ebi.ac.uk/dataset/chembl/description;VoID file offline;-;-;-;-;-;0.25;0.5;0.0;0;0.0;0.0;0.0;0.11;1.0905584275900246e-05;0.5;0.0;0.0;0.0;0.3333333333333333;0.0;0.0;0.0;0.0;0.0;0.0;-;0;0;0.0;0;0;0;['api/sparql', 'text/turtle', 'meta/void'];True;0;0;0
chemdb-basicInfo;chemdb  dataset;-;http://chemdb.semweb.csdb.cn/sparql;-1;-;0;False;-;-;-;-;-;-;absent;-;-;-1;-;-;-;-;-;-;-;-;-;-;-;-;-;-;-;-;-;-;-;-;-;-;-;-;http://www.opendefinition.org/licenses/cc-by;-;-;-;-;-;-;-;-;-;-;-;-;-;-;-;-;12286615;-;-;-;-;-;3;0,667;0,001;-;['Name:bioportal-cheminf, value:1937240', 'Name:bioportal-sio, value:3874479', 'Name:bioportal-chebi, value:387448'];0,003485507005979733;This dataset collects information on the commonly used chemical identifiers (e.g. CAS-RN, SMILES, InChIKey, et. al.) and basic information (e.g. Name, Formulas, et. al.) of compounds and on the thermochemical properties and basic physicochemical properties of compounds at gaseous state and condensed state, including heat capacity, standard entropy and standard enthalpy, et. al.This dataset also collects information on the entropy, enthalpy, temperature, pressure,et. al. that associated with phase change of compounds.And critical properties for compounds are also collected. And this dataset collects information on the estimated properties of compounds, including ALogP,ALogP_MR, Minimized_Energy,et. al. via the law of corresponding states (LCS), the method of group contributions (GC), and the like.;http://semweb.csdb.cn/chemdb;-;0,75;-;-;Name: absent, email: hfsophie123@gmail.com;-;-;Web:http://semweb.csdb.cn/chemdb Name:赵月红 Email:yhzhao@ipe.ac.cn;-;12286615;6199167;0.50;-;-;-;-;-;False;-;-;-;-;-;-;-;-;-;-;-;-;-;-;-;-;-;0.108;10.827;-;0;http://semweb.csdb.cn/chemdb/.well-known/void;VoID file offline;-;-;-;-;-;0.25;0.5;0.0;0;0.0;0.0;0.0;0.33166666666666667;0.0003485507005979733;0.75;0.0;0.0;0.0;0.3333333333333333;0.0;0.0;0.0;0.0;0.0;0.0;-;0;0;0.0;0;0;0;[];No dump available;0;0;0
chronicling-america;Chronicling America;-;;1;-;0;True;-;-;-;-;-;-;{};-;-;1;-;-;-;-;-;-;-;-;-;-;-;-;-;-;-;-;-;-;-;-;-;-;-;-;False;-;-;-;-;-;-;-;-;-;-;-;-;-;-;-;-;20000000;-;-;-;-;-;6;0,600;0,002;-;['Name:lingvoj, value:1000', 'Name:dbpedia, value:10000', 'Name:geonames-semantic-web, value:1000'];0,00011220387393638776;"Chronicling America provides access to information about historic newspapers and select digitized newspaper pages.

140,000 newspapers, 3.2 million pages.

### Issues

The statistics below are complete guesses. Link information is incomplete.";http://chroniclingamerica.loc.gov/about/api/;False;0,75;-;-;False;-;-;Web:http://chroniclingamerica.loc.gov/about/api/ Name:Library of Congress Email:;-;20000000;12000;0.00;-;-;-;-;-;True;-;-;-;-;-;-;-;-;-;-;-;-;-;-;-;-;-;0.087;8.742;-;0;http://chroniclingamerica.loc.gov/about/api//.well-known/void;VoID file absent;-;-;-;-;-;0.25;0.0;0.0;0;0.0;0.0;0.0;0.165;1.1220387393638775e-05;0.75;0.0;0.0;0.0;0.3333333333333333;0.0;0.0;0.25;0.0;0.0;0.0;-;0;0;0.0;0;0;0;['RDF'];True;0;0;0